,ANICE-ITM_Berends,CESM_kampenhout,dEBM_krebs,HIRHAM_mottram,NHM-SMAP_niwano,RACMO_noel,SNOWMODEL_liston
1980-01-31,52.77094092646251,6.967838483188257e+36,24.61503521044574,209.83725478876198,74.37378005232348,95.92576944542132,38.062916268200134
1980-02-29,29.6756534616133,6.967838483188257e+36,10.418954424740125,84.55770144674453,-10.175634827083915,14.221469033905441,18.896463098559177
1980-03-31,65.21592885561043,6.967838483188257e+36,25.127425307051908,178.5266543946922,68.93570369524161,75.64822728318185,40.64508045836011
1980-04-30,30.852170151046312,6.967838483188257e+36,6.432479796350165,74.94166023449608,15.2123033363696,19.75442774565506,8.820917148640204
1980-05-31,39.37027534828339,6.967838483188257e+36,10.300509926370465,59.89661876741132,-4.024917659526352,21.360921683887092,10.352418849190896
1980-06-30,-32.75910769179246,6.967838483188257e+36,-56.44418659429557,-55.238314924540276,-39.78542962764689,-22.2149591500072,-38.644308630571835
1980-07-31,-155.90629507133912,6.967838483188257e+36,-131.8074535381147,-76.28265263961264,-81.49217840103974,-47.85105925199257,-182.92035641021974
1980-08-31,105.75013164463043,6.967838483188257e+36,67.32416143886974,309.61073312534154,323.04492590975383,144.0118308627958,69.03961807089462
1980-09-30,91.71067465525164,6.967838483188257e+36,39.04149446093205,290.19967838555294,199.46556813044077,149.9552192211135,38.84616685891544
1980-10-31,25.745746639612555,6.967838483188257e+36,6.164254597546072,11.103281697531653,-61.92733405617277,10.574978841719933,7.735236355843782
1980-11-30,82.26768128228251,6.967838483188257e+36,37.66075805606951,196.557265514019,103.13039387776237,89.99206586510044,55.26244974853859
1980-12-31,26.125924417426845,6.967838483188257e+36,5.978661992499437,85.96573414903354,-12.917602028340905,9.404100694280459,10.193671213324292
1981-01-31,23.73251353505921,6.967838483188257e+36,4.3971126278002295,114.97107058410504,-7.831283015431982,-0.2502493184961782,8.147135052147748
1981-02-28,24.336513446825883,6.967838483188257e+36,4.564208321028431,80.166101929407,-1.314434271161528,8.358544645037414,8.412630148360641
1981-03-31,25.38385019831847,6.967838483188257e+36,6.839487363515872,30.568628047501782,-2.329122858439883,7.481283675601779,11.446825775990643
1981-04-30,36.047933925836276,6.967838483188257e+36,8.986237528812634,106.89885313545004,12.495723259017035,14.316602756627233,13.398545867085383
1981-05-31,56.5042744722713,6.967838483188257e+36,21.302169634813577,137.713926733603,52.401399272457155,47.237005434075044,25.858664956295666
1981-06-30,-143.394006302491,6.967838483188257e+36,-162.39722181947204,-211.0250081636523,-103.80101888108702,-176.30452791052718,-172.22198567021644
1981-07-31,-216.49433338138996,6.967838483188257e+36,-152.29847119210098,-103.37215817908437,-18.151178971847546,-88.50685830726502,-220.07499180286513
1981-08-31,-3.842676535150575,6.967838483188257e+36,0.6447887370994009,135.98075600752566,103.91383787475534,67.96210453751146,-21.739473288946936
1981-09-30,29.810785725859144,6.967838483188257e+36,38.93868344823887,128.9863695171912,72.72228590231326,51.10075761152449,40.4723495941008
1981-10-31,35.68099929418224,6.967838483188257e+36,23.46015885980931,64.79227485615847,34.870936595890576,36.69246758729793,32.42331456581782
1981-11-30,81.61448724083147,6.967838483188257e+36,37.437440499864074,228.53195226137478,93.02388454734145,77.16936038309906,59.464575189948675
1981-12-31,25.465177478532773,6.967838483188257e+36,5.83591377570367,44.892513080936226,-5.670621056370613,7.459711524082139,9.549319431053732
1982-01-31,27.812918172076014,6.967838483188257e+36,19.84353731192406,112.95944202256027,28.061979229074705,32.04316507578936,31.56613684589377
1982-02-28,16.458739862046667,6.967838483188257e+36,2.2454209120049766,5.109777075555682,-21.366714340095115,-0.07132304867307664,5.324164730099718
1982-03-31,21.710364871287407,6.967838483188257e+36,9.817838300418707,125.8005282713651,25.59797626838703,17.303019989227348,15.525432244609084
1982-04-30,20.47148923152136,6.967838483188257e+36,8.138852462998338,65.60601761665161,8.136650461295616,17.630146870306717,11.59521071594496
1982-05-31,19.45604874951839,6.967838483188257e+36,6.150556223871182,-2.22214683461767,-16.736031277541578,7.596420704036477,4.647382210691549
1982-06-30,-75.29502603578996,6.967838483188257e+36,-109.99188161726106,-155.96916692321088,-68.66026796200514,-47.550543871109205,-118.18307232600498
1982-07-31,-120.05970755393972,6.967838483188257e+36,-121.78528680557851,-55.88814920475464,55.110384661625886,-57.94723415750763,-166.98663767224582
1982-08-31,-99.69639011953353,6.967838483188257e+36,-41.21094829729007,-8.36820066537189,1.7218144256099632,4.64057935935642,-64.06674691314998
1982-09-30,44.94060161190124,6.967838483188257e+36,39.265023434090736,200.0353102116441,160.14391656288694,127.97129171447001,47.71621723187084
1982-10-31,29.23754305135498,6.967838483188257e+36,10.448277464524617,33.93531945075454,8.099945951936615,18.402191236658854,16.876222625342848
1982-11-30,19.568106988543622,6.967838483188257e+36,7.788047888421309,68.24004345307205,7.533526491871707,4.114632522310674,12.122769233571809
1982-12-31,18.035769563307383,6.967838483188257e+36,5.015427042730273,65.59709811480074,0.06925716299368549,5.714880035744181,9.725578559357933
1983-01-31,14.827476413163115,6.967838483188257e+36,2.3209450446795925,76.32628914379606,-9.446342554082856,4.042690425429143,4.5999567639794225
1983-02-28,17.288819946672884,6.967838483188257e+36,5.563935111979024,139.21246098582083,14.803984214415268,8.315913244218958,8.63768981732895
1983-03-31,30.462121875385034,6.967838483188257e+36,10.016959870959573,242.52055688671584,36.8401840388459,18.401787778248917,15.52293963425948
1983-04-30,32.56196406037861,6.967838483188257e+36,10.947113310917773,196.08038660474924,38.48456917812969,23.17996566259654,14.992197924421186
1983-05-31,41.97505981420759,6.967838483188257e+36,15.893075086478442,225.20539005916675,39.242366388426376,100.15106056778295,17.790931286984716
1983-06-30,-25.32960856762726,6.967838483188257e+36,-66.48838566990474,50.15139422612015,75.43517098387748,35.23116198358605,-51.53184359611941
1983-07-31,-204.30976005878404,6.967838483188257e+36,-168.81662767668405,-286.28656439494245,-136.37912981919447,-169.75548067898177,-227.1691898143392
1983-08-31,-89.14395098649562,6.967838483188257e+36,-42.4993481188668,-37.04322409683453,7.989521380460087,-27.01461689095558,-63.45090814395913
1983-09-30,38.59872363550793,6.967838483188257e+36,26.163269995540325,137.63888141762735,81.98745935374038,82.50107514192135,27.331725626305094
1983-10-31,47.6435230397255,6.967838483188257e+36,22.5624863024638,193.43467138393208,77.4272203124049,57.71634519569462,34.93316147772724
1983-11-30,22.711815305029806,6.967838483188257e+36,14.765672369584372,78.97064469400497,19.63227789561653,15.231641971452136,21.409263430923836
1983-12-31,20.62132592991541,6.967838483188257e+36,11.37582046192087,104.48343511964843,12.359511215607418,20.066769679592717,19.58788766318226
1984-01-31,19.489734572026453,6.967838483188257e+36,2.6767585881196805,48.06305282851921,-3.3519672126476556,1.2379536355167335,4.00108096182282
1984-02-29,18.675872531217394,6.967838483188257e+36,0.9114312203808752,54.37235977033097,-4.280318878962047,1.2821509092294665,2.0309080298844133
1984-03-31,40.59905487883765,6.967838483188257e+36,12.720920205987012,187.40273744707605,39.525423450337414,18.651202722719045,19.545332037211207
1984-04-30,18.398946394324568,6.967838483188257e+36,0.4656711272535507,32.370383159007794,-7.616328908741493,2.715706650348514,1.3979445580115621
1984-05-31,23.628227159648176,6.967838483188257e+36,9.060630889504685,108.36637164815282,44.94774762302573,30.341958855923014,8.827636039110466
1984-06-30,-67.16397135046029,6.967838483188257e+36,-70.38832893286074,16.42097017198309,57.82500394812506,65.24815840121558,-70.24331976310313
1984-07-31,-61.40106455536835,6.967838483188257e+36,-93.77811059387521,99.95681361176071,186.06419314026544,64.18622742737267,-144.39427584967862
1984-08-31,-115.07563300084054,6.967838483188257e+36,-63.97336468580243,10.463630717749147,-0.7642373264857396,-22.832996709100875,-94.17422885399073
1984-09-30,26.716181514254036,6.967838483188257e+36,32.44674247158549,70.32352640502586,27.592837622685256,48.99143321258795,31.72186878874694
1984-10-31,69.72595301480061,6.967838483188257e+36,29.418923236441888,211.85658073199056,85.9486172437048,87.30328338011134,41.16074521363734
1984-11-30,32.708373330010474,6.967838483188257e+36,9.877665043224255,102.62027420759293,23.413374560763085,23.944333265795354,15.41192888069169
1984-12-31,22.530375094974925,6.967838483188257e+36,7.335700581841291,94.50335146463216,36.11715507150673,14.288809650045131,11.652682949744158
1985-01-31,27.34463143003783,6.967838483188257e+36,6.944337445464141,105.68254962156644,2.44775509121479,16.194726248948044,10.404235412435892
1985-02-28,31.06754550013486,6.967838483188257e+36,4.172074615058013,150.77849612383227,11.845597191319419,9.266721167332717,6.446556387403005
1985-03-31,29.389607775325636,6.967838483188257e+36,9.089884247472119,105.12217419380953,31.79339752083633,17.619388923077896,14.311511610223695
1985-04-30,40.83570392403846,6.967838483188257e+36,10.648661457343094,146.28215117084886,40.25858336293645,20.87900021357877,15.195414440676478
1985-05-31,28.376380706443285,6.967838483188257e+36,11.407750349814197,-13.654407453316331,-23.48384571013452,26.327640936927605,-4.160398738167868
1985-06-30,-19.94572544323169,6.967838483188257e+36,-67.64996292339127,-32.19542736526999,67.75720308371962,6.388405477673973,-87.2810305135952
1985-07-31,-202.2334965351054,6.967838483188257e+36,-164.36583074710967,-177.70960258657615,-66.40506508608827,-159.72020142295017,-221.2529479580472
1985-08-31,14.89885259603896,6.967838483188257e+36,19.870072680607397,165.04528850917595,225.4583790600866,121.77318254771949,-15.502144974067072
1985-09-30,30.838841321816428,6.967838483188257e+36,28.333692973324325,72.80911346985961,14.17687201492959,52.07526240708913,25.71410478218768
1985-10-31,120.69858761201645,6.967838483188257e+36,59.07214498225631,232.74653416131542,162.90877371250633,124.04991600680819,85.11915892561701
1985-11-30,37.392325177776875,6.967838483188257e+36,18.70939866960337,57.97490213405673,10.17864485532265,25.45472728917501,29.004611598914554
1985-12-31,26.855755472693264,6.967838483188257e+36,5.2137533760824155,43.078119995126336,-10.048212939216985,9.302591424103777,8.508461586008183
1986-01-31,23.211811641411774,6.967838483188257e+36,9.89717191537854,79.43177041854405,11.646912251677255,17.73486154472825,16.95427663330282
1986-02-28,85.72628123521478,6.967838483188257e+36,39.46914254484952,343.8353086318126,108.2276722171145,135.22487924091456,65.00137057846514
1986-03-31,22.817866408361738,6.967838483188257e+36,10.029870664398715,99.0505050509986,13.07643196890473,16.4976810633225,16.512347319377774
1986-04-30,27.93307196546114,6.967838483188257e+36,14.283010982147616,201.0764463619686,41.35120379014382,19.472631561533756,21.250038168926654
1986-05-31,19.496766578557107,6.967838483188257e+36,11.059026245057678,44.267837646491394,3.2206217753056774,31.965665481870833,9.431739555769527
1986-06-30,-29.64888850676638,6.967838483188257e+36,15.920871787074761,10.334810460096726,34.16697230169746,-18.34002694477527,-14.746043338674994
1986-07-31,-73.84818462536315,6.967838483188257e+36,-84.61638058615904,-58.48350662938885,47.933205134689096,-69.70587264292008,-115.69385477328369
1986-08-31,2.571894734523442,6.967838483188257e+36,3.7328976693642932,261.7675123823193,202.667773207105,95.1245172034323,-11.58178376111726
1986-09-30,29.905313008798235,6.967838483188257e+36,29.01380759108234,117.48054145838744,89.07356322409751,65.55593087093274,37.14500981080956
1986-10-31,19.869678321789696,6.967838483188257e+36,4.318729821949826,39.475343557149806,-6.842843324927223,3.4243023430493804,8.303310296234367
1986-11-30,20.66308554831228,6.967838483188257e+36,5.707348593746399,45.08600890841651,1.9376553974376125,7.504140065442998,9.75833159126476
1986-12-31,23.38463776103625,6.967838483188257e+36,10.102562120547404,78.72329358992155,5.5158988217959575,15.384357277726398,17.835769636809005
1987-01-31,65.21704725136411,6.967838483188257e+36,26.126413978244656,270.5214542095447,88.5418014351828,56.8496646821917,42.332009097026656
1987-02-28,30.503916792101563,6.967838483188257e+36,6.379631048634483,160.6187944455396,8.803284617844152,9.301238196873019,10.299388008773523
1987-03-31,24.575974551562105,6.967838483188257e+36,7.899251477817671,125.09398904796133,13.605643014864985,17.253363011897868,11.899649705408004
1987-04-30,22.250793031435894,6.967838483188257e+36,3.6502192964561058,36.28891224784376,4.473645963718306,5.875125025999945,4.972358788847986
1987-05-31,39.509467894751126,6.967838483188257e+36,13.58004279589845,73.34591094971618,34.39448650117707,30.780394438378394,12.729528966423127
1987-06-30,-129.2405387335695,6.967838483188257e+36,-149.33384978405994,-133.73980766037675,-128.2750618733681,-110.58549016214216,-131.14333809946032
1987-07-31,-211.83050767203858,6.967838483188257e+36,-170.42907455147798,-242.01763571283712,-128.23764352500356,-170.48583850326463,-228.52137477293385
1987-08-31,-117.55525860006338,6.967838483188257e+36,-61.568646390265414,174.29960696056858,97.74658146663049,160.04224669542293,-94.43302716576139
1987-09-30,74.96126945192849,6.967838483188257e+36,63.713149952938195,339.3847116983985,227.06512288775932,197.09289400371026,75.37213426406673
1987-10-31,24.578370785191332,6.967838483188257e+36,7.94722228824461,18.284612277289998,-2.8746366255782685,4.714673110038507,11.062356325794315
1987-11-30,27.131239420986784,6.967838483188257e+36,12.088910570740838,92.741061328618,17.07856559613865,16.250224290645992,18.990514965124245
1987-12-31,21.985123146242834,6.967838483188257e+36,3.770308388152372,40.43947249421724,-8.065422884175433,2.7472090457408718,7.418098989000147
1988-01-31,28.81586394941693,6.967838483188257e+36,2.9862640025125495,115.250551308285,0.6585356429572723,3.0207841514339764,5.398316725309315
1988-02-29,36.39847759727963,6.967838483188257e+36,12.512876011006007,153.449597457742,16.737568489699452,21.38066123556653,20.118327121450708
1988-03-31,29.484799771334874,6.967838483188257e+36,4.407820648003583,126.74053202850682,-7.45508737735933,6.295596165425092,7.493603248012709
1988-04-30,33.58937087145472,6.967838483188257e+36,9.435146839699014,107.66607319907209,20.050440969797084,15.65878379677128,13.331974612907253
1988-05-31,22.993415046463664,6.967838483188257e+36,10.08807297968625,25.94846156954545,-34.18162347184081,30.650778946787714,0.8177593351230263
1988-06-30,-64.75805545138286,6.967838483188257e+36,-72.10053528882209,-48.24912452230761,77.7191534244047,52.4787095978351,-73.14166494792518
1988-07-31,-297.2589682532501,6.967838483188257e+36,-237.51322476339772,-337.0556231596649,-215.34704870142625,-258.184722195634,-289.5543907145041
1988-08-31,-104.37831499092802,6.967838483188257e+36,-60.84863495401556,27.3371985342776,66.59902664729512,-25.361127014355233,-95.10072084982394
1988-09-30,104.84040296214745,6.967838483188257e+36,79.56605598537666,393.0514619209773,318.0994074247153,228.59124829277317,83.37485679408204
1988-10-31,149.99538884803852,6.967838483188257e+36,68.14801343486516,444.15994498909004,259.0377363033812,193.55192466781048,96.06394016840312
1988-11-30,72.91992437966164,6.967838483188257e+36,28.268203234593162,157.42682838647454,67.01164817812723,81.21500762492666,44.7677228963208
1988-12-31,29.57017510888332,6.967838483188257e+36,3.7786243029679865,64.45843613298727,-8.026875039032467,2.737661311199151,7.610575713181431
1989-01-31,22.43338703703028,6.967838483188257e+36,0.7925742679751979,11.05085584887672,-3.3105327199893364,0.8311811620859583,2.4840841717246454
1989-02-28,23.51544450098104,6.967838483188257e+36,2.7144220599600213,5.415883967477022,-4.487925811577134,2.547242181858285,5.154076011877371
1989-03-31,22.445263801834248,6.967838483188257e+36,0.8964152077182393,1.0592252899802992,-5.336129849887076,1.5307163933837522,2.2205400540809075
1989-04-30,56.152567141139905,6.967838483188257e+36,18.098520130798438,66.27435892630217,31.80529939209989,26.146419092161974,27.23951573042307
1989-05-31,30.587969175800197,6.967838483188257e+36,12.80253643775343,32.96899669001344,39.89332789716814,35.51778046698645,13.036010319639932
1989-06-30,19.68488293919469,6.967838483188257e+36,-41.34240605792012,10.190729617926632,106.4772719523081,82.01940796225568,-15.278659035080844
1989-07-31,-13.219787700217058,6.967838483188257e+36,-58.68206271926387,149.56448638480256,252.33825714755935,125.09415164424124,-88.90024932588884
1989-08-31,-122.5746435980018,6.967838483188257e+36,-55.76080791509445,-74.70880124520315,-74.26618179877445,-10.264152858124353,-98.94306147957538
1989-09-30,49.79466994100103,6.967838483188257e+36,26.538155569038338,84.69188762596481,52.93421931296888,64.6499636912687,30.542137845071693
1989-10-31,34.20963458561865,6.967838483188257e+36,14.092582938443218,52.700763634131086,21.492537493227363,34.831106235244924,19.791310450703236
1989-11-30,117.22232148825911,6.967838483188257e+36,52.99151910378315,349.2536819776446,184.2920708329813,182.44077556412196,78.42152667174199
1989-12-31,28.962075163841085,6.967838483188257e+36,11.56124159476863,26.102377909372592,7.973272251742504,14.72078248381123,19.643207961836744
1990-01-31,22.732236013232875,6.967838483188257e+36,3.8412242428825194,19.65329750922438,3.8238151196735526,4.62073176932631,5.597214241775028
1990-02-28,22.728131231972586,6.967838483188257e+36,3.455397550239084,7.713955076539524,-3.4671228736988033,4.052914681903055,4.806781640667716
1990-03-31,26.562267962151097,6.967838483188257e+36,9.340509840152643,33.08288034652699,19.18782385540491,10.893892739596843,15.793718318423487
1990-04-30,37.299708471244166,6.967838483188257e+36,23.0935244229079,85.34054977693297,62.968377360160396,41.09673656739668,31.693915403605953
1990-05-31,60.109158304214404,6.967838483188257e+36,24.892426743778604,211.58292922989926,129.84774136054313,106.22441963198126,26.945748518683295
1990-06-30,-143.81707292685357,6.967838483188257e+36,-170.4268494581315,-25.85543808156914,-54.523364287778705,-89.21831024487707,-127.12281960364837
1990-07-31,-180.30077672811635,6.967838483188257e+36,-139.7180589844148,-47.84286480182229,67.71335343898977,-118.08538569840387,-210.19422510457986
1990-08-31,-175.4444827758411,6.967838483188257e+36,-93.28669054117141,-53.357698997857646,-48.31365695903769,-79.2440420205139,-129.89075607701866
1990-09-30,24.059750888929553,6.967838483188257e+36,20.306365909119428,96.19302099184378,62.91841787988464,52.107155387262445,20.948177423565014
1990-10-31,36.96203058479472,6.967838483188257e+36,23.89033703933417,97.95430434794096,44.23515847199333,66.38153088302545,36.520768581041054
1990-11-30,28.44280167591242,6.967838483188257e+36,11.550230017400242,37.1308656427725,21.685179944200243,12.951905045249083,18.762199158398328
1990-12-31,36.78108030222508,6.967838483188257e+36,24.291136079184167,147.01316103275548,69.46444912074107,85.73914239606937,39.82306900237538
1991-01-31,21.505137612443054,6.967838483188257e+36,5.979434442351461,16.837627629433044,4.231740004946497,7.231897114583425,11.054837323782612
1991-02-28,24.456037449009965,6.967838483188257e+36,10.678914816380288,60.89277894478835,9.758731270304406,16.435794835632183,17.642473024125426
1991-03-31,24.3879471042731,6.967838483188257e+36,3.779080061896086,34.57641326542998,20.229115276221265,17.574002435626007,6.170942066703096
1991-04-30,18.247310996323712,6.967838483188257e+36,0.6792486379498088,2.5954673353973687,-8.734678388759288,-0.48031265247714117,0.6195372557751534
1991-05-31,15.175609976896016,6.967838483188257e+36,-1.3269866345604464,-61.44241313573526,-32.112809581835066,-1.3126218270649834,-5.109262597580088
1991-06-30,-33.26438027120962,6.967838483188257e+36,-77.9718736534474,104.61233155435839,90.1962338273221,-49.74975613304008,-93.96569887308422
1991-07-31,-162.64716623276246,6.967838483188257e+36,-149.55497283497343,-82.43392726228,-56.74197729425141,-95.55343745860347,-173.40587665722683
1991-08-31,-36.06268104792991,6.967838483188257e+36,-8.683589802752218,105.99692269260866,83.33248248180854,30.24389837122624,-57.389660703128136
1991-09-30,22.123293723939188,6.967838483188257e+36,24.289265569013725,51.02038665456898,43.34324893419562,39.09684756010995,29.98245511653838
1991-10-31,39.04811760139373,6.967838483188257e+36,31.866585107497027,103.93218392739986,73.0464083197325,64.66495088019131,42.65236442217234
1991-11-30,63.99945263119193,6.967838483188257e+36,28.738713450580434,201.31136100176386,89.4497373990735,103.04259329475919,43.81651965350718
1991-12-31,23.39798548030429,6.967838483188257e+36,9.097061256927514,34.74331382608511,24.87061351284261,11.607353141260711,15.234783854354246
1992-01-31,18.624752996079124,6.967838483188257e+36,9.75483236870704,30.387964014218902,10.113879424134202,12.023109522291549,16.66779775253683
1992-02-29,14.290398505249993,6.967838483188257e+36,2.3465488465969093,9.237319630623192,-1.663264596444132,3.8234888096288504,4.77534289932484
1992-03-31,13.36093243580033,6.967838483188257e+36,1.1368118221703425,3.0287612834887785,-5.022859121363979,4.822805269481402,3.3941177456706417
1992-04-30,13.189134610583649,6.967838483188257e+36,0.6368280438538746,0.4120710803660819,-6.709095895431802,-0.7982890931821887,1.228591753886932
1992-05-31,63.24460727059706,6.967838483188257e+36,25.70694650019761,139.05999794915732,133.5125105045295,74.94535610418698,33.374955709458085
1992-06-30,-52.81108833908248,6.967838483188257e+36,5.404339679313315,-42.415809732761886,-2.822311589462879,-24.687561048061987,-38.328618166883714
1992-07-31,1.1299678757540421,6.967838483188257e+36,-31.39252147864128,222.34671530820972,320.5762398706974,180.6719412595553,-83.2113318149307
1992-08-31,-72.43826035017112,6.967838483188257e+36,2.5445397679135824,14.556815931940566,47.40751532165543,57.70412802901846,-37.65981028747405
1992-09-30,22.759419100258445,6.967838483188257e+36,17.951893116772293,34.56710386226613,36.64708324741692,30.0433279024948,21.109351938050565
1992-10-31,74.39333393777117,6.967838483188257e+36,37.13780677442904,156.36786054945767,114.0113000748972,78.4727636138955,51.744535835790956
1992-11-30,18.3393138156392,6.967838483188257e+36,8.06086919508136,22.2078688626293,-8.852499164146764,9.788055466632667,13.749755703228558
1992-12-31,16.95830214247353,6.967838483188257e+36,6.501071015029956,24.799658250540833,-1.1360785304901664,8.149182991082139,12.07352011518895
1993-01-31,42.11099787522845,6.967838483188257e+36,15.523000063531017,55.420258119519666,39.98863254352511,19.49196414308172,24.840985306895703
1993-02-28,19.3646692567568,6.967838483188257e+36,3.221171122091911,10.162581151610249,-16.30462466364835,9.60314799304697,6.098718374780204
1993-03-31,20.656849065387696,6.967838483188257e+36,4.923311613342063,4.135290077495465,-8.98175105933063,6.018111860175186,8.306146582614662
1993-04-30,20.98401804591578,6.967838483188257e+36,5.210540595566644,13.009668444193336,4.2535336846201055,5.325877944198242,7.7829049625382964
1993-05-31,26.701620989794876,6.967838483188257e+36,15.70314204208173,24.252512051474397,-1.211886729851108,34.25025520190468,8.76861270164449
1993-06-30,-59.352482742160205,6.967838483188257e+36,-84.68056427772667,-97.25399535010473,-22.304731794060046,-75.18327387838634,-104.2454256396113
1993-07-31,-240.75794460302586,6.967838483188257e+36,-190.04447507978696,-215.4300528952617,-155.9041003112189,-188.41013376279042,-230.57540739541722
1993-08-31,-3.4290861413010134,6.967838483188257e+36,22.533239590427087,186.04584464836856,162.60114667620334,124.37514780134295,8.026402176910521
1993-09-30,49.86180910538155,6.967838483188257e+36,28.071847087348722,93.77209374674112,25.083024434572504,45.68339887435456,32.84638496304837
1993-10-31,64.095119684418,6.967838483188257e+36,24.69357458466748,118.87489678663181,50.59162604534541,53.071407587364526,37.17868272938038
1993-11-30,22.205137929885275,6.967838483188257e+36,7.455111609741956,39.07702744750564,3.195953922225619,12.046565563830168,13.195631650306128
1993-12-31,18.69065488021174,6.967838483188257e+36,2.277979476129392,10.857762620229645,-0.8163214491315035,2.088357303082501,6.106317692693737
1994-01-31,25.813190965401468,6.967838483188257e+36,2.0855269160440666,-1.5813559675935125,-16.92222260012423,-0.3224558382082998,8.39824032423617
1994-02-28,32.20100370670086,6.967838483188257e+36,10.549692624524168,71.80029223143868,22.133406409978313,20.267288603056173,19.18810720843257
1994-03-31,26.812144654238807,6.967838483188257e+36,4.1329337738451555,21.56825482816425,7.342387461325189,3.6236345322101937,7.471092411313925
1994-04-30,32.640309117171,6.967838483188257e+36,12.084886097695646,46.49781966365449,8.601530011210913,29.002821537511743,17.5876145020751
1994-05-31,43.14949383543407,6.967838483188257e+36,23.82297763433542,41.472843559919546,12.284185770580956,38.44004195118301,25.413726362770696
1994-06-30,-56.7029658914394,6.967838483188257e+36,-86.72612988946453,-126.31771662522364,-42.335753097231795,-71.62833095814975,-82.83332102051129
1994-07-31,-155.73114995819242,6.967838483188257e+36,-128.6276568625336,-59.336210883715346,-75.87129099568992,-68.57426089832799,-166.18716361096892
1994-08-31,-85.03011990472864,6.967838483188257e+36,-42.535070534266815,33.88183342415545,78.9006805826472,21.377771622677717,-82.47837391450338
1994-09-30,113.38667662179888,6.967838483188257e+36,65.85256842099287,478.7150433685883,282.685103471825,237.32220851351445,79.4653186631951
1994-10-31,26.746639962459138,6.967838483188257e+36,3.672567038449258,8.616388011372505,-10.355759628016038,4.804033385058304,6.273294658763065
1994-11-30,50.43364727471409,6.967838483188257e+36,15.840867533806458,121.89167800353744,70.82616913141511,48.12830151023297,25.102440401547142
1994-12-31,29.731892086212564,6.967838483188257e+36,9.480840386032826,41.11536610653595,17.495255608727927,15.355143599926388,15.009528796604776
1995-01-31,23.132610499261876,6.967838483188257e+36,0.780700088815996,-3.178947598631782,-19.158804616577072,-2.407757454962879,2.1962772930002044
1995-02-28,23.031535292461975,6.967838483188257e+36,0.7302096588945589,9.514883339580802,-8.062304088826417,1.8603777741169771,1.9749276947252399
1995-03-31,27.674269802680534,6.967838483188257e+36,8.90143939935084,17.344114165395293,6.291695013093737,8.394801885316697,14.102551693088888
1995-04-30,30.72372854428082,6.967838483188257e+36,6.74529593800787,14.032810936060162,-19.497505744743457,9.70577254583073,8.67712017479357
1995-05-31,58.7893409598042,6.967838483188257e+36,30.390307765526025,174.6752011796892,88.89177488063942,105.23630015931282,34.27505327658483
1995-06-30,-108.73735430186788,6.967838483188257e+36,-132.77768855673742,-135.53346917101166,-61.76871662099774,-83.36557442498712,-144.77159554052952
1995-07-31,-247.0030509434828,6.967838483188257e+36,-184.38889176639375,-191.34997676359595,-247.09442586296944,-221.38133733155,-218.00798714821934
1995-08-31,-151.47455465317879,6.967838483188257e+36,-85.6483670922235,-28.79539180872244,-77.79239579818686,-48.307377253833664,-129.7854553495727
1995-09-30,38.049102374969785,6.967838483188257e+36,43.36195680326678,189.31407539175322,103.40400977622248,79.27464350991781,22.75322477289165
1995-10-31,102.38722164104902,6.967838483188257e+36,53.289297673789406,237.89174553919284,169.94399224297433,153.94090737558045,72.50606670535429
1995-11-30,103.78243932284977,6.967838483188257e+36,46.13037282217765,198.4718753762549,148.12201590767899,106.7939723519359,67.73512630912757
1995-12-31,37.89880906854704,6.967838483188257e+36,10.696005348032331,35.03204275704433,16.569283010780456,15.663044327027938,19.25352864395924
1996-01-31,19.767189914327275,6.967838483188257e+36,9.291103896878585,52.051069997561136,17.63011741649658,15.327251867946682,16.10819862133986
1996-02-29,25.32936963694573,6.967838483188257e+36,16.66580135325567,93.38059865727875,33.877674791676895,44.73479824510393,28.376517799869283
1996-03-31,41.76013670041858,6.967838483188257e+36,18.60004316823497,143.17670877046478,72.8456574318739,44.94030027219344,30.380394861247254
1996-04-30,42.91438014721346,6.967838483188257e+36,16.279798724625348,56.00190240238671,35.20337567780142,34.676780153141294,22.095074604506124
1996-05-31,22.77243290288682,6.967838483188257e+36,15.304310343330453,74.65973718462593,17.942740449133932,45.923177328988494,12.852269335603546
1996-06-30,16.92074577678622,6.967838483188257e+36,45.43761768203405,168.30618070333406,119.9383363509623,76.04231273700329,24.28803633126758
1996-07-31,-58.001942887857965,6.967838483188257e+36,-66.39041493948955,55.73621834060749,49.23428126986926,7.135031313326735,-102.7320806241812
1996-08-31,39.88507705139038,6.967838483188257e+36,59.521904651621675,247.3515097930904,204.56415898641282,192.24154389399854,43.50764214710852
1996-09-30,32.78630866530322,6.967838483188257e+36,31.60509168413483,147.62328089868964,52.17892666865227,115.37624819672992,38.07832487030354
1996-10-31,18.297558246767178,6.967838483188257e+36,6.622364660776504,26.08679954255728,-1.031720651633252,12.331477841804094,9.847853625110677
1996-11-30,18.901127017843326,6.967838483188257e+36,7.658396342726158,45.58132081992677,-10.654937879473616,8.162504883650858,11.490294063370673
1996-12-31,67.17281538882978,6.967838483188257e+36,30.90083490331594,134.58626035642448,65.82737346100082,58.04436195875452,50.84742416639131
1997-01-31,27.211245255930105,6.967838483188257e+36,16.117795918955455,57.771268343965936,39.00572101929134,31.589345057565946,27.39354365111903
1997-02-28,17.698458083818096,6.967838483188257e+36,0.789731421590529,0.8572447520991752,-3.916379712867792,0.6481111964368587,2.3272094158343695
1997-03-31,18.78953361921268,6.967838483188257e+36,3.4945178594265354,10.909932773487727,-6.613449635651195,4.521446003150971,4.9913816686214645
1997-04-30,25.370995434369853,6.967838483188257e+36,12.635988414114351,82.0085544995201,41.56907070019267,23.02940624258374,16.314698962505172
1997-05-31,38.314142387380855,6.967838483188257e+36,18.201489642946385,76.50972149804512,29.822627215954437,44.92199229905278,16.09926468019922
1997-06-30,-69.84764189566194,6.967838483188257e+36,-109.87614038691945,-57.559640054411354,-54.858782069391694,-42.1054870760842,-82.87189775328109
1997-07-31,-87.68992692292841,6.967838483188257e+36,-85.45167146205053,-70.66559565562383,-44.048257432393825,-43.357091560919194,-138.8672257356865
1997-08-31,116.08794258261487,6.967838483188257e+36,97.89142999748242,415.54010781792243,382.6609366356591,229.2188394445591,41.287729052730754
1997-09-30,33.54798462053156,6.967838483188257e+36,24.961394312533542,85.64239497538769,72.88706011903243,60.934506949962774,30.503036159582997
1997-10-31,61.043890582473686,6.967838483188257e+36,28.713657806437993,53.803177149591995,41.79558288282478,28.128939871382954,37.00629440050209
1997-11-30,25.263112761348673,6.967838483188257e+36,11.910146762700895,58.54342069090078,20.385508864303368,33.62828982099374,19.023058481929883
1997-12-31,24.09320748025988,6.967838483188257e+36,11.55176136389925,49.8563380400827,16.896943337584382,19.263704668793483,17.267459171840084
1998-01-31,26.894426305180865,6.967838483188257e+36,8.11377462270489,18.496288629277803,12.621588451666229,10.906320647039854,11.97187259746254
1998-02-28,25.19129404994256,6.967838483188257e+36,4.55618591502456,17.81566379282132,-2.3632047275510324,5.283887734220968,8.026557681932058
1998-03-31,22.80008693110009,6.967838483188257e+36,1.9524116867341341,6.817629544729898,-7.3076942374198675,0.27787952215181355,3.3773426151145904
1998-04-30,45.701575484973745,6.967838483188257e+36,16.648761694983257,77.42095914000195,23.832324697439,36.47307546041328,23.181513152988202
1998-05-31,24.158024524350818,6.967838483188257e+36,31.153296707846486,85.08204612826805,1.8575342042233216,40.77043889379998,33.98374416323257
1998-06-30,-102.29345348324227,6.967838483188257e+36,-133.16246128736353,-91.68999489550397,-90.11233042472037,-85.76937943265375,-151.82285564251706
1998-07-31,-191.568238215592,6.967838483188257e+36,-154.5894473906689,-116.87780638475242,-152.14138240916782,-150.17305831741965,-204.52946270092133
1998-08-31,-82.84578556777575,6.967838483188257e+36,-39.58579023642071,12.868948225436675,-8.71949379601883,-6.375890776525429,-77.32477824929218
1998-09-30,-7.433795473397059,6.967838483188257e+36,14.712663352226672,119.74804112337921,-22.09236459026322,50.96288699698755,12.105744952388571
1998-10-31,80.96367980889067,6.967838483188257e+36,39.81090521439281,134.83098781255026,88.34945880577999,52.2228682746825,56.02330596413139
1998-11-30,34.417746047502355,6.967838483188257e+36,18.883867123847836,74.24067800020568,37.071337925743876,31.053769351565755,24.9453199683753
1998-12-31,24.17044532177016,6.967838483188257e+36,3.5700992142588555,5.789576796884661,-18.279722512303696,2.308947168044223,7.274315310879546
1999-01-31,15.012943975610412,6.967838483188257e+36,3.1138805458793293,15.969835510668641,1.094580206910057,4.388277484688161,6.1751628391154325
1999-02-28,17.02185694043941,6.967838483188257e+36,4.90739966695479,2.521674810133075,-8.032540407010881,4.089706622593948,9.52558146027287
1999-03-31,29.369318857735863,6.967838483188257e+36,10.431309499502184,40.344456140696145,30.988629884782096,18.98573581570112,15.291867560374019
1999-04-30,25.937821865209695,6.967838483188257e+36,7.874572141462491,31.173014097811908,15.235488768950724,11.278944737548189,11.014827448655643
1999-05-31,17.502307546418322,6.967838483188257e+36,6.832995277736324,8.460333506607526,-7.22350488522723,19.983343823609577,4.38236469691776
1999-06-30,-78.1284644274898,6.967838483188257e+36,-90.94601031134266,-157.27986950116914,-59.91477308293601,-39.96660831016617,-79.6638153027673
1999-07-31,-241.82469751012087,6.967838483188257e+36,-196.03171755653992,-131.62870787680632,-167.43326799077425,-185.3209794677829,-233.3047857383498
1999-08-31,-193.4876535208555,6.967838483188257e+36,-87.44705475241639,-133.4955335056916,-141.3765194256804,-63.83130450410929,-160.205188440687
1999-09-30,15.2285573181367,6.967838483188257e+36,25.76763256927465,93.92226123257106,64.85598899809291,55.964742221470445,31.548344893959822
1999-10-31,22.64123953558209,6.967838483188257e+36,13.33807379889236,66.10488626013341,22.812235123344067,28.70762833548139,17.812633741212572
1999-11-30,19.6951870840383,6.967838483188257e+36,9.090232130847253,29.23971766894996,-0.8499500536984927,13.183895495031205,15.441416799840127
1999-12-31,20.68509549494209,6.967838483188257e+36,11.354785571499542,34.922027456875306,5.573880350484827,6.626009078579518,21.055397717183173
2000-01-31,43.143667888151846,6.967838483188257e+36,12.228473440645617,52.86602889419698,26.990626817344342,23.46482017396713,19.422590348321886
2000-02-29,32.96432044910103,6.967838483188257e+36,10.976553274784544,28.21163600182126,18.077865416410614,9.260036966199376,19.3374934337022
2000-03-31,46.22145355205935,6.967838483188257e+36,14.532230346407326,79.83384562296247,31.418194946169578,18.996660766114733,22.51352341480983
2000-04-30,55.77239693328582,6.967838483188257e+36,19.5395552494507,82.69640472888807,37.898707052279995,36.50059996079802,24.94440252488146
2000-05-31,54.62817394579676,6.967838483188257e+36,17.52976750635813,74.33477848807948,25.617739337436014,28.64768088494541,14.876620477365002
2000-06-30,-147.58955038368973,6.967838483188257e+36,-196.23465219924336,-81.95255433233541,-153.75964128013436,-106.20893764144189,-166.79066025975393
2000-07-31,-154.62594740414156,6.967838483188257e+36,-131.21397909705007,-31.100722486427795,27.42712777482641,-111.75904167855916,-207.53251425003882
2000-08-31,-21.02647955915187,6.967838483188257e+36,-3.0366355335733415,224.0453747647768,164.4802122655815,84.77160337200279,-37.48303675719546
2000-09-30,31.749555127965106,6.967838483188257e+36,29.764792670839928,158.52203526566555,79.19475750809622,69.15937165313655,34.540994066803606
2000-10-31,29.9580860685323,6.967838483188257e+36,6.591871650110061,13.154211939021966,-1.9451417488089504,8.35221732889142,9.687736844511843
2000-11-30,61.53522777894342,6.967838483188257e+36,20.13036836503154,100.30859381721179,69.58230033457917,53.99299796386966,30.033227381892875
2000-12-31,49.446505624216364,6.967838483188257e+36,22.765640169212503,70.56150398271109,37.990465267357415,37.01076275269521,36.65309489162078
2001-01-31,27.6252653743299,6.967838483188257e+36,6.032633164776536,31.57476678838385,20.072699551147558,16.97246850570399,10.089738425868275
2001-02-28,28.55742241045373,6.967838483188257e+36,3.0954511544309193,15.71191666789986,-0.9805157627772325,3.3285003698052047,4.290881448058781
2001-03-31,45.34254169970377,6.967838483188257e+36,12.901270057411857,52.93474056557838,41.844021470709194,17.852969192696406,20.174370024594534
2001-04-30,37.54001750839827,6.967838483188257e+36,9.343150259610141,41.86994907680198,22.23116551714903,18.18301207844228,12.504961145035969
2001-05-31,31.972919410342783,6.967838483188257e+36,20.030938972996832,31.379144190753127,13.360456285096477,30.834145472878465,21.429467111939278
2001-06-30,-78.77656105413426,6.967838483188257e+36,-123.07908277768207,-72.56269790787903,-124.135068832154,-73.08717391980566,-96.17334437951276
2001-07-31,-111.62973873382221,6.967838483188257e+36,-99.04151310221528,147.56297245093722,109.75085107083675,63.09943928269233,-164.98578969951126
2001-08-31,-73.29761838321629,6.967838483188257e+36,-44.15843992935167,42.70704720593458,-60.80384804339841,-69.41169528800917,-70.05912709033808
2001-09-30,23.66791704659375,6.967838483188257e+36,26.052221498037103,43.46467755883357,46.87195319733686,42.67798410571265,23.618709004430535
2001-10-31,50.98460735901534,6.967838483188257e+36,42.16876042960844,146.75712748392678,97.82889857637817,94.00655769064174,54.730134261969326
2001-11-30,28.460205196894293,6.967838483188257e+36,6.758005654413346,33.071003912102995,-13.170326927459447,9.943986889767494,10.271993058635182
2001-12-31,81.53928703882318,6.967838483188257e+36,36.052525141655174,107.14612708669377,81.5423733912241,59.9568514782386,57.47653233113554
2002-01-31,24.666720190055454,6.967838483188257e+36,4.954341017246784,12.57054845744455,-13.811286446301398,1.9712843576722505,11.326609191599674
2002-02-28,25.560358227524578,6.967838483188257e+36,4.541426633293326,21.745403027545343,-0.24018623522023375,6.024764467601806,12.20526609342747
2002-03-31,26.647586628388066,6.967838483188257e+36,7.203633457386531,41.900583174654784,-3.645166404317932,9.701469086615878,14.807574384077641
2002-04-30,25.59300266450818,6.967838483188257e+36,5.929827736450014,45.70689592859949,6.5683251922999055,5.484550032585638,8.767241611488197
2002-05-31,29.53518065399595,6.967838483188257e+36,22.87762216593612,98.3113635915637,33.61867014150997,40.103814990060634,22.34688948643646
2002-06-30,-75.89631419070619,6.967838483188257e+36,-111.17507907668441,-51.18040992539603,5.4263069724555315,-30.908632703060544,-131.38386688247093
2002-07-31,-79.83516868236438,6.967838483188257e+36,-99.82070912935352,197.26705041592908,211.24028062927832,39.012082378839835,-154.7468081559652
2002-08-31,-128.59968675009515,6.967838483188257e+36,-74.51970031926042,14.04283855835436,-64.57335153623092,-56.35643361812371,-102.37795507071091
2002-09-30,-3.9128658055848886,6.967838483188257e+36,28.1706265484074,76.84915511775978,38.03720464919686,43.96868735758334,32.11534692918227
2002-10-31,75.96718217004236,6.967838483188257e+36,31.467195713811215,204.94442880274866,105.93876692250845,89.81316737684372,42.95656677917135
2002-11-30,33.18758703600344,6.967838483188257e+36,15.464000671328076,96.73218744001448,20.602530911611613,38.61761796154523,25.175165150730102
2002-12-31,40.93125264747487,6.967838483188257e+36,21.551650255447235,156.99524474329112,50.68505698071414,56.21003190056562,36.03121260245254
2003-01-31,31.539477458494716,6.967838483188257e+36,8.458484758484238,38.13447029401713,-20.70533206638622,12.61157037762504,13.200130243248053
2003-02-28,31.33884652802414,6.967838483188257e+36,6.444788833955696,57.21322675946975,2.128912405040574,11.235772753570018,13.92831684450404
2003-03-31,31.525488520177106,6.967838483188257e+36,8.375424912384547,66.55758659213387,-5.195628506899388,10.544070841557671,15.656623382860943
2003-04-30,30.886630834444887,6.967838483188257e+36,6.406810923849153,27.82716418013122,-2.9725191246241076,12.386999651234534,9.261432085122593
2003-05-31,42.512362323998865,6.967838483188257e+36,22.772880454583994,141.62215372620634,72.94996002577173,72.26342750779008,24.320339726547868
2003-06-30,-91.7631164920592,6.967838483188257e+36,-131.00871939982602,-20.083544160857834,-99.1211398855208,-66.4119988648675,-126.20284269974422
2003-07-31,-197.7205603436732,6.967838483188257e+36,-174.0267652415904,106.79096528160109,41.40349881076329,-13.722002950299084,-221.72960729865437
2003-08-31,-13.386725443376957,6.967838483188257e+36,-15.086937116088338,267.49410093209565,195.36368183470782,114.13340484555904,-48.620501092557475
2003-09-30,-12.171966047519435,6.967838483188257e+36,13.214783695295052,82.10865408666892,30.449304048320034,40.45445830281004,0.5448484669955929
2003-10-31,37.2734303220492,6.967838483188257e+36,15.746978001896247,30.98461243873039,-12.88798084371226,26.540904429060436,22.027010911697694
2003-11-30,31.285621047927297,6.967838483188257e+36,6.435676850378713,25.420244963025095,5.35763429549886,9.57144538646593,12.449398133248755
2003-12-31,45.52235721890815,6.967838483188257e+36,29.941351123926815,173.41834455843716,63.70645661895313,82.91812480770567,48.59318890441106
2004-01-31,29.228367664458073,6.967838483188257e+36,8.826828921626054,47.42408021916232,1.0791711238598103,13.387876708748257,18.638899166110555
2004-02-29,35.128183733344265,6.967838483188257e+36,6.507774790792776,35.923517587550364,5.785315576631259,12.83079643197929,12.788385044035003
2004-03-31,35.18502461231247,6.967838483188257e+36,7.0186391889447535,34.66442402399556,15.489274044614174,14.292995037273476,12.21905812300712
2004-04-30,25.939765723873517,6.967838483188257e+36,4.572478926262766,34.274222514002034,-12.178845764088708,13.100224150507465,5.2654366989476395
2004-05-31,37.78490865692391,6.967838483188257e+36,23.79368279483903,109.95673471974354,44.741189473181144,76.45616147223735,21.561811619278476
2004-06-30,-41.902232741963076,6.967838483188257e+36,-69.09458416275001,-7.611532781631513,-38.20345934297228,18.119008995268235,-56.102168366949925
2004-07-31,-88.08436010139498,6.967838483188257e+36,-104.7412423879258,-3.145897712767832,-14.496586827981377,-103.81175722508317,-144.62775155686654
2004-08-31,-83.97423781056055,6.967838483188257e+36,-44.24991423685263,112.84371987499676,63.35881661975169,35.21073600949732,-59.88754088872878
2004-09-30,77.15292849012215,6.967838483188257e+36,52.130871769434364,155.97524226280834,89.15976340988982,98.82659162753562,61.291963791921994
2004-10-31,172.86313930807364,6.967838483188257e+36,83.3064868620549,327.54280032363175,234.53433534761336,160.61143860606236,114.20452457925505
2004-11-30,37.21789414872274,6.967838483188257e+36,19.642251252775047,126.94882291195617,49.23179455384739,57.97333947952472,32.85164536907151
2004-12-31,32.69682022121801,6.967838483188257e+36,8.03377692004987,49.672538525252826,13.188074420348528,15.584678385211705,12.634826624834979
2005-01-31,25.229212612391272,6.967838483188257e+36,5.672839853832973,33.921026351873635,3.9290786251060608,4.756757640007541,10.070609958257323
2005-02-28,65.12706111047892,6.967838483188257e+36,21.649339429140806,161.18096441378415,78.87876837586532,69.44167578201774,35.65442431651013
2005-03-31,53.62466512315553,6.967838483188257e+36,19.00061583739497,114.49783334313999,57.41126072869712,39.372379322252804,30.76932909564574
2005-04-30,35.12899480941037,6.967838483188257e+36,21.502485614318257,80.94514620715252,21.497680870850555,34.35377920180713,30.584350119757037
2005-05-31,35.49004181222712,6.967838483188257e+36,15.620819973985844,101.14655978110662,41.77892069277659,56.22014145652906,13.976357967078414
2005-06-30,-160.12830819423988,6.967838483188257e+36,-157.79330020736967,-51.47912129765411,-101.402798253024,-44.157491923601825,-159.64043424709905
2005-07-31,-226.70817798190276,6.967838483188257e+36,-186.67413875788648,-147.05219985598737,-226.76625296315163,-210.94107106681923,-224.9363192247316
2005-08-31,-197.3755002293563,6.967838483188257e+36,-105.83479702255276,-130.98894178608705,-124.10457676484985,-156.2036433337455,-165.62940483154924
2005-09-30,12.103544541072319,6.967838483188257e+36,19.961992873325077,77.03442220259906,43.427886104405374,36.762478490633676,8.927371143220142
2005-10-31,35.956700596581015,6.967838483188257e+36,21.295516604625906,82.59206476871134,32.80391821606037,36.45396277699746,31.50935221487663
2005-11-30,32.81634941600899,6.967838483188257e+36,16.05809184191308,80.11721424160812,34.53025389506534,31.677863609233146,26.625911068076743
2005-12-31,28.99637752709679,6.967838483188257e+36,11.791639137779994,50.6716962117429,7.523153441927282,21.7215346346908,17.99972567673529
2006-01-31,35.67314685302068,6.967838483188257e+36,8.978374429127118,51.77703509260546,27.109131016003616,21.466358337925488,15.428934945310584
2006-02-28,25.918469863003008,6.967838483188257e+36,8.549638170498326,43.773743220227544,-0.5819236760153932,12.893030918394853,12.289618827109262
2006-03-31,24.23729614040541,6.967838483188257e+36,5.757459874051437,32.349603729933044,-2.5966437368138573,15.034809625166051,8.98635245323984
2006-04-30,22.04458772698419,6.967838483188257e+36,2.4654734398637776,31.88197574907556,-2.7788569860880155,7.6944293639768535,3.780914874484834
2006-05-31,-6.479264999650385,6.967838483188257e+36,4.233589956552817,-38.75814022099663,-45.12930648566016,7.547862880241325,-2.720439989147184
2006-06-30,-36.09738734379046,6.967838483188257e+36,-72.92599081143631,-69.66869840262176,3.497566175527377,6.761925821426667,-73.53520004331754
2006-07-31,-249.7807145012361,6.967838483188257e+36,-187.51451127902433,-98.44142301138797,-76.29059044432825,-159.9585227176421,-234.93747964848822
2006-08-31,-152.55952695501185,6.967838483188257e+36,-56.23833434686452,-22.666612512960956,-44.95291532179523,-98.7992250288257,-125.45466515277018
2006-09-30,-17.50018870813951,6.967838483188257e+36,14.010890248226785,55.53557891786856,-23.20913266764446,0.34540647311227507,0.7967586674038388
2006-10-31,69.99656102139633,6.967838483188257e+36,28.913140594099325,155.56209714035745,125.44911806006155,86.91817154898197,34.961446039559036
2006-11-30,29.694635569840916,6.967838483188257e+36,13.64672904509055,171.72360613855793,16.13835174612549,42.85374646323087,18.48156798732903
2006-12-31,24.9817949054968,6.967838483188257e+36,7.081631014277824,38.39214808279061,-0.8337964811463466,7.933723329683457,12.035708051206125
2007-01-31,25.319142882289924,6.967838483188257e+36,18.67414920814818,53.19933437887831,15.992315375475123,20.865924140386884,30.364255463095773
2007-02-28,20.500468794871367,6.967838483188257e+36,9.844410764180644,25.506348620611796,-2.4785246122816784,11.002836587668627,15.930709168603101
2007-03-31,19.07912104119529,6.967838483188257e+36,9.775167103614416,50.210602130415126,8.621531472993821,16.235779423404825,14.200282918045284
2007-04-30,25.882218561358645,6.967838483188257e+36,18.070870126129048,113.17210182488134,20.489463687732222,34.01644806229267,24.29447829204767
2007-05-31,19.509259967184814,6.967838483188257e+36,12.339791131678043,52.26677760102672,10.246458471593648,14.729186031154436,8.22972592803461
2007-06-30,-119.39025096002128,6.967838483188257e+36,-149.54856016576437,-89.35285110088081,-75.51298861565112,-98.1311222483673,-148.09422022012748
2007-07-31,-299.65933530326345,6.967838483188257e+36,-240.35002767282768,-302.26458716138256,-304.39621858694835,-391.63169341441073,-301.26007645700054
2007-08-31,-250.55564368628845,6.967838483188257e+36,-112.17461396693037,-105.43450286007159,-85.97162523465568,-187.941513085691,-179.81097428585744
2007-09-30,-9.374905057631118,6.967838483188257e+36,18.950358297118374,64.48485989768625,27.929348440004926,38.81336174533493,15.751358088922606
2007-10-31,35.44516701067569,6.967838483188257e+36,32.75707253160376,77.99698918386979,69.58762427618436,54.69272628944107,46.17080660649121
2007-11-30,42.57173380340437,6.967838483188257e+36,25.555599582369357,81.96086798578598,40.239400296987775,40.25491277506825,37.01474520901113
2007-12-31,15.946568105670687,6.967838483188257e+36,4.80275914561566,10.261681761167761,-11.778798338334985,2.0087665545851934,7.77488975978392
2008-01-31,27.866077933520444,6.967838483188257e+36,4.5699552570882345,39.98291750734405,1.5444239831869757,6.294688387399021,7.744146285918853
2008-02-29,27.748380780162407,6.967838483188257e+36,4.260640107503075,14.433837755687435,-10.736177667073644,8.261543861751592,7.454513993043252
2008-03-31,34.01597661995055,6.967838483188257e+36,7.548023790815036,45.04396447873245,8.250717412188546,12.896851037842683,11.342522094390073
2008-04-30,33.09923918683458,6.967838483188257e+36,5.949061855749034,30.43672709711366,7.269598370655915,9.858898626919942,5.613103106622281
2008-05-31,23.04585740198559,6.967838483188257e+36,9.829406190646642,-31.46155262521941,-26.939564275481924,10.35306656547788,5.5001178451507675
2008-06-30,-115.97338774661945,6.967838483188257e+36,-145.54560156475625,-9.460068449808995,-78.6856104991113,-129.80249035498264,-147.63213206807748
2008-07-31,-142.36012582958313,6.967838483188257e+36,-131.2775687763246,-19.38994600919752,-3.814972875055082,-203.27952113575287,-195.83983283742398
2008-08-31,-134.71661533576116,6.967838483188257e+36,-77.39432591796817,6.080131975003315,-87.40996409110902,-76.73700598653255,-103.25648700177555
2008-09-30,-11.163945083707796,6.967838483188257e+36,7.352387136152118,20.58964183791182,-20.557639702730473,11.71210639506891,-9.785890363382162
2008-10-31,42.31509886567994,6.967838483188257e+36,24.317270859564996,165.4878747623078,71.92491498852705,65.60085615644043,32.71555201807846
2008-11-30,29.830120514780422,6.967838483188257e+36,7.080120385786104,35.79575789743484,-3.0882124203324555,9.84816980416591,10.270205137491189
2008-12-31,30.747366898483975,6.967838483188257e+36,9.19295570474813,32.553111306464224,-0.1040863675694649,12.361145245185002,15.34262482553736
2009-01-31,32.09949954138933,6.967838483188257e+36,15.809339718253934,89.1246631318934,52.215976078623385,40.097195511127566,26.448761135657858
2009-02-28,31.277519041548874,6.967838483188257e+36,6.274874911511161,45.821399892751955,11.938433177851664,16.014257812349015,11.671138970864048
2009-03-31,40.38468088476908,6.967838483188257e+36,12.816561085600455,84.74850056891371,13.887468569295025,21.351011523531387,21.04186356198645
2009-04-30,27.635780294242068,6.967838483188257e+36,9.657587686773262,34.43848251293587,-7.493640334916968,12.6492174314854,12.085885567026402
2009-05-31,4.8789560065327775,6.967838483188257e+36,17.055518585666448,92.23762307391557,16.412221402111612,54.39748918175893,-2.875098654185364
2009-06-30,-120.56676320464966,6.967838483188257e+36,-153.72025452219586,-155.58451180368303,-96.97156182960155,-70.06116089726918,-157.58148231510881
2009-07-31,-339.7282895796326,6.967838483188257e+36,-305.60680706108957,-111.35876007812858,-235.7942921888391,-300.8771004782189,-318.55915544114055
2009-08-31,-229.0108923347012,6.967838483188257e+36,-108.06807233836876,-109.43358352514214,-103.72981358717831,-188.65756432741122,-191.8428232581237
2009-09-30,3.7784666330167718,6.967838483188257e+36,10.20156703993497,31.38906530419493,-0.6999033951502832,16.716257316284185,1.8247882907778092
2009-10-31,28.307214144932857,6.967838483188257e+36,10.512306173553798,13.83855918800084,5.316071785521129,17.560132362687167,15.757115337761752
2009-11-30,33.93906789129904,6.967838483188257e+36,6.597027428852938,55.860937611809305,3.143463786450668,9.338845298509328,11.435018978198567
2009-12-31,110.73515884133025,6.967838483188257e+36,58.04360573019804,257.0837126992749,122.67155565188375,161.36433732883395,93.88717097677922
2010-01-31,46.40178911953216,6.967838483188257e+36,15.375968964221427,230.7725978107747,34.1729414969509,59.81570509299319,29.392407678706334
2010-02-28,62.294273937715765,6.967838483188257e+36,18.543621237926093,155.40163166638146,28.33226328011962,21.845357268077183,33.35024205402309
2010-03-31,30.541181545356938,6.967838483188257e+36,2.153465302577561,30.037325358097558,-13.519927437016069,3.9706448420679683,6.326405679754999
2010-04-30,80.41221686125483,6.967838483188257e+36,27.765453400545848,163.34478929001057,91.13097195073651,52.34454458454347,41.75730268450695
2010-05-31,41.07412896754829,6.967838483188257e+36,21.274607083748876,118.82484332005161,-3.564718655938267,42.1076814438378,24.144244490198794
2010-06-30,-121.20178061873808,6.967838483188257e+36,-148.0399108074718,-108.03095641949498,-133.1171622189007,-176.32114381266055,-142.79853423922432
2010-07-31,-243.5819245282074,6.967838483188257e+36,-189.43677476300206,-98.56661414965565,-82.41316440756852,-170.27770216284165,-245.43160785183073
2010-08-31,-118.47891238814564,6.967838483188257e+36,-61.03970340625496,255.60596174474657,93.14914674909839,39.71784543876643,-119.31528719217893
2010-09-30,-7.0100699944195375,6.967838483188257e+36,7.254222561918506,26.16805567383065,-23.842027724571142,13.553625383230303,3.3859892876705353
2010-10-31,50.88372586789227,6.967838483188257e+36,32.15064799808337,144.25067854057852,58.98960138336525,60.18506049461637,45.9805471084722
2010-11-30,116.36982856897251,6.967838483188257e+36,48.41382621136358,221.35151054969313,112.81216255257918,111.41064828827342,74.00464557392851
2010-12-31,74.1130674256097,6.967838483188257e+36,24.342771444314465,202.13620151259775,66.55138191985998,57.8826042988086,41.039189407945535
2011-01-31,62.23623039569536,6.967838483188257e+36,22.499810650147026,229.37420518478288,70.898289097896,54.24550359213016,39.36974543394679
2011-02-28,23.68230260741518,6.967838483188257e+36,2.3602076935800125,45.58946163543311,-1.561305757319981,6.3497995850153055,7.73910360163753
2011-03-31,31.098506366490273,6.967838483188257e+36,10.728079079635167,205.00892318553798,12.815446928417122,21.206688157237668,18.671480330013367
2011-04-30,24.791010269922875,6.967838483188257e+36,5.1282327637026475,62.10316412494968,0.6131030346384283,10.24593303325062,7.4359932893511544
2011-05-31,31.90088247730899,6.967838483188257e+36,28.600887287625685,236.71765615741126,53.74045295987039,103.26192927715671,27.39597100345387
2011-06-30,-107.86963017818614,6.967838483188257e+36,-141.34257135706926,50.735555992752296,-78.15343649573045,-85.28137604536805,-110.20007080749447
2011-07-31,-382.442999526529,6.967838483188257e+36,-332.8282831709074,-316.05587211908215,-360.4782408129764,-451.4109467816703,-360.08565564035104
2011-08-31,-175.1185019689819,6.967838483188257e+36,-84.52501796669807,-93.9377621513957,-110.05930826631601,-186.27957373413705,-131.08151153343016
2011-09-30,35.56550702834705,6.967838483188257e+36,38.295730052664354,159.9926283363445,113.0922758314833,59.323776055664766,44.71465491917781
2011-10-31,46.02975618405256,6.967838483188257e+36,36.14221985687518,159.1110645079783,59.70634882615978,77.0908186743015,52.023639443824834
2011-11-30,33.53758896370782,6.967838483188257e+36,18.288917621500687,64.37590188894616,30.03421354748396,28.096751617552695,25.755975058547907
2011-12-31,26.476546525435218,6.967838483188257e+36,7.63716249300703,40.80264119354224,6.236685072167422,7.232899674645561,13.081198042148882
2012-01-31,33.997927609724954,6.967838483188257e+36,3.5927694515578192,63.30217259895896,1.7469516713687117,8.18437182559013,9.312844140863861
2012-02-29,41.37590522001998,6.967838483188257e+36,13.945183116288101,138.4014024932156,24.620585203582113,18.781690533241893,24.201808726371603
2012-03-31,39.202156695414345,6.967838483188257e+36,4.354903773925411,101.03537283684788,4.733794616468633,9.190946034011871,9.064764009090053
2012-04-30,35.57910582272608,6.967838483188257e+36,5.87035348876693,37.53220765357574,-4.331867233395943,6.913107577305037,6.364401476098671
2012-05-31,25.721668413470933,6.967838483188257e+36,10.197521994361708,45.23422654718501,-11.828264069417576,11.627622735985835,4.964369094000078
2012-06-30,-78.64544895612572,6.967838483188257e+36,-115.08706176976204,35.602712397752725,-36.97465532083792,-125.25274417994272,-155.6907466312766
2012-07-31,-217.4442442987643,6.967838483188257e+36,-157.4838910531659,-130.30572577223978,-218.61687704281192,-271.19361672818235,-211.09803422169242
2012-08-31,-40.9359862242793,6.967838483188257e+36,-29.965277258306013,178.91004920382974,98.1941520561714,31.570986977306603,-72.03646301510777
2012-09-30,-13.709940405873718,6.967838483188257e+36,23.77426219734012,52.50610212994902,-4.116258528361197,44.15670991264774,25.22118271038877
2012-10-31,50.79968518213533,6.967838483188257e+36,31.898076928498703,124.54585079371192,81.11372508467394,69.8489975288621,39.903762711564944
2012-11-30,48.17866215482492,6.967838483188257e+36,13.753809750105722,90.33116333930367,29.78330626217282,34.36785886211183,26.413433425857228
2012-12-31,37.28534998689716,6.967838483188257e+36,7.9645354889257565,82.49768720125505,17.790319804728977,16.45992405348236,16.370764353565477
